case_id,N,Z,T,score,temporal_dice,wrap_dice,spatial_dice,derived_z_spacing,confidence,status,score_gap,reason
CINE_SAX_001,275,11,25,2.055575367681174,0.9597117273913156,0.9371301389740225,0.8009782260754795,,high,accepted,inf,all confidence gates passed
CINE_SAX_002,360,12,30,2.1681967300381326,0.9766352501085976,0.9568478187170832,0.741921588896146,,high,accepted,0.2109404826466834,all confidence gates passed
CINE_SAX_003,330,11,30,2.0674279377824316,0.9722018510867485,0.9276097405221233,0.8045855049131889,,high,accepted,0.10947315576513317,all confidence gates passed
CINE_SAX_004,250,10,25,2.141008688688495,0.9628849134412206,0.9370733937040507,0.7218345318979967,,high,accepted,inf,all confidence gates passed
CINE_SAX_005,225,9,25,2.069029018717022,0.9694400116371886,0.9366067752003653,0.8064577797577202,,high,accepted,inf,all confidence gates passed
CINE_SAX_006,275,11,25,2.0136337919638665,0.9691843547038536,0.9138831380047624,0.8386180554486029,,high,accepted,inf,all confidence gates passed
CINE_SAX_007,360,12,30,2.0418740096852828,0.9765092526177007,0.8682915936088181,0.7794360891589368,,high,accepted,0.07888349220037494,all confidence gates passed
CINE_SAX_008,330,11,30,2.028788835736761,0.9812487866215969,0.9312853158123825,0.8649940533188154,,high,accepted,0.0520545057886892,all confidence gates passed
CINE_SAX_009,290,10,29,1.9732632479992385,0.9691067925313628,0.7503171688729695,0.7152675059364566,,low,manual_review,inf,failed gates: wrap_dice
CINE_SAX_010,300,10,30,2.0393184745969775,0.9867065670064374,0.9363800719480505,0.8704747313639479,,high,accepted,0.062159042850409296,all confidence gates passed
CINE_SAX_011,300,10,30,2.074269469767481,0.9821830045746154,0.9543846977280595,0.8444812371098094,,high,accepted,0.10038805067553946,all confidence gates passed
CINE_SAX_012,275,11,25,2.2347928856440813,0.98173133235945,0.941792461784619,0.6704622408594375,,high,accepted,inf,all confidence gates passed
CINE_SAX_013,300,12,25,2.0390930217123033,0.9879124142049596,0.9511753181511815,0.8879071248487972,,high,accepted,0.05915140827367549,all confidence gates passed
CINE_SAX_014,300,12,25,2.124963047551553,0.9817622469754765,0.9380725282435524,0.7766339746429521,,high,accepted,0.15597914111925704,all confidence gates passed
CINE_SAX_015,300,10,30,2.066269245577617,0.9697372960721826,0.9446839054502796,0.8178892520170278,,high,accepted,0.10351344291721998,all confidence gates passed
CINE_SAX_016,270,9,30,2.144093842066185,0.9680688618635792,0.9256006043813058,0.717644486042279,,high,accepted,0.20374900064406987,all confidence gates passed
CINE_SAX_017,330,11,30,2.097013968487543,0.968989663674717,0.9661127464318582,0.8070781052937487,,high,accepted,0.1275664876810807,all confidence gates passed
CINE_SAX_018,275,11,25,2.2064478944831647,0.9693962329050013,0.9175692036183143,0.6499137749451525,,high,accepted,inf,all confidence gates passed
CINE_SAX_019,275,11,25,2.0949937747226226,0.9656829912738034,0.8384820518910779,0.6748542597160622,,high,accepted,inf,all confidence gates passed
CINE_SAX_020,250,10,25,2.099136174145928,0.9716928621975608,0.9469212130490414,0.791170763298235,,high,accepted,inf,all confidence gates passed
CINE_SAX_021,225,9,25,2.0569434213312023,0.9758519532656413,0.9386662402432329,0.8334267254433133,,high,accepted,inf,all confidence gates passed
CINE_SAX_022,275,11,25,2.067887670646732,0.9722146067710771,0.949372783844272,0.825914326739694,,high,accepted,inf,all confidence gates passed
CINE_SAX_023,250,10,25,2.102600844560687,0.9688413118385775,0.9347682239425481,0.7698500030590159,,high,accepted,inf,all confidence gates passed
CINE_SAX_024,275,11,25,2.152525219155216,0.9748236205580187,0.94163407423139,0.7387560961922115,,high,accepted,inf,all confidence gates passed
CINE_SAX_025,250,10,25,2.067759936144599,0.9709719811399591,0.932904778954162,0.8070888050894811,,high,accepted,inf,all confidence gates passed
CINE_SAX_026,250,10,25,2.0203238762844262,0.9673305681463732,0.913456389093002,0.8277936491013221,,high,accepted,inf,all confidence gates passed
CINE_SAX_027,250,10,25,2.076659273649694,0.9725511776433682,0.9229510402494044,0.7913941218864471,,high,accepted,inf,all confidence gates passed
CINE_SAX_028,275,11,25,2.0701566350839187,0.9741538728154814,0.9444346770399442,0.8225857875869883,,high,accepted,inf,all confidence gates passed
CINE_SAX_029,250,10,25,2.0542719396627342,0.9724484939944065,0.9587775048618074,0.8494025531878858,,high,accepted,inf,all confidence gates passed
CINE_SAX_030,250,10,25,2.1130114286967436,0.9761576363464403,0.9436927867880106,0.7829966307841475,,high,accepted,inf,all confidence gates passed
CINE_SAX_031,250,10,25,2.0653725149236104,0.9748007355505588,0.9441478474892844,0.8283768036667915,,high,accepted,inf,all confidence gates passed
CINE_SAX_032,330,11,30,2.0595770207604014,0.9774293075728402,0.9570838652693808,0.8523654596546595,,high,accepted,0.08675929368056168,all confidence gates passed
CINE_SAX_033,280,10,28,1.980826664964825,0.9613858588707215,0.6601499488679401,0.6020950016445579,,low,manual_review,0.03368593590114011,failed gates: wrap_dice
CINE_SAX_034,250,10,25,2.0704220650109955,0.9662012341165335,0.912850685656047,0.7748310888781184,,high,accepted,inf,all confidence gates passed
CINE_SAX_035,300,10,30,2.064838938203224,0.9761818502648512,0.9447186724926316,0.83224343481911,,high,accepted,0.11523230005345164,all confidence gates passed
CINE_SAX_036,330,11,30,2.068370753381994,0.978984342420059,0.9559011896120985,0.8454991210702225,,high,accepted,0.09036295556571128,all confidence gates passed
CINE_SAX_037,250,10,25,2.0847297706831416,0.9685302009954656,0.9302300809963512,0.7825607123041408,,high,accepted,inf,all confidence gates passed
CINE_SAX_038,390,13,30,2.0631516432511594,0.980292576145075,0.9580575615302064,0.8554910705691973,,high,accepted,0.10659947203565623,all confidence gates passed
CINE_SAX_039,250,10,25,2.241880876651035,0.9657482642313918,0.8569096278648646,0.5465252796766134,,high,accepted,inf,all confidence gates passed
CINE_SAX_040,250,10,25,2.0746891075146743,0.9629755099592833,0.942913337950403,0.7941752503542953,,high,accepted,inf,all confidence gates passed
CINE_SAX_041,275,11,25,2.0456797648209095,0.9680874736364873,0.9489464335795798,0.8394416160316449,,high,accepted,inf,all confidence gates passed
CINE_SAX_042,330,11,30,2.0608588619652615,0.9728611606270622,0.9684951447494938,0.8533586040383564,,high,accepted,0.094795649518842,all confidence gates passed
CINE_SAX_043,300,12,25,2.071943461763361,0.9736947237837769,0.941527859853102,0.8169738456572945,,high,accepted,0.10392965262347498,all confidence gates passed
CINE_SAX_044,250,10,25,2.1957816002126895,0.9729029537678774,0.9586445019262033,0.7086688092492687,,high,accepted,inf,all confidence gates passed
CINE_SAX_045,330,11,30,2.0554022956999973,0.9716612140134999,0.8328724870893859,0.7207926194163883,,high,accepted,0.11332865807511028,all confidence gates passed
CINE_SAX_046,360,12,30,2.0885751858122417,0.9748761427106507,0.9546195868857529,0.8157966864948125,,high,accepted,0.1331448614949584,all confidence gates passed
CINE_SAX_047,250,10,25,2.05596599440255,0.9726641483909982,0.9236749163493709,0.8130372187288173,,high,accepted,inf,all confidence gates passed
CINE_SAX_048,250,10,25,2.196581693907151,0.9686352877922703,0.9514584909270944,0.692147372604484,,high,accepted,inf,all confidence gates passed
CINE_SAX_049,250,10,25,2.0686581173922045,0.9712789652583993,0.9581477407204055,0.8320475538449995,,high,accepted,inf,all confidence gates passed
CINE_SAX_050,250,10,25,2.074751594918051,0.9799772514604176,0.9429264106368471,0.8281293186396316,,high,accepted,inf,all confidence gates passed
CINE_SAX_051,325,13,25,2.144305066489143,0.9778625336285491,0.948094541884084,0.7595145426520391,,high,accepted,inf,all confidence gates passed
CINE_SAX_052,250,10,25,2.0392588129596954,0.9807520705207902,0.9434334098716702,0.8656787379535553,,high,accepted,inf,all confidence gates passed
CINE_SAX_053,275,11,25,2.043053320620171,0.9774960810515297,0.9435842615913576,0.8555231030742461,,high,accepted,inf,all confidence gates passed
CINE_SAX_054,275,11,25,2.0406581995042132,0.972486806786705,0.859638817401585,0.7639542314707817,,high,accepted,inf,all confidence gates passed
CINE_SAX_055,230,10,23,1.957635604398473,0.9681326815192258,0.7687109330052919,0.7473406916452706,,low,manual_review,inf,failed gates: wrap_dice
CINE_SAX_056,250,10,25,2.1023944617939536,0.9750043996783898,0.9452902876137882,0.7929046251766143,,high,accepted,inf,all confidence gates passed
CINE_SAX_057,250,10,25,2.0773107308132808,0.9728963668103293,0.9595562839499383,0.8280382867573162,,high,accepted,inf,all confidence gates passed
CINE_SAX_058,250,10,25,2.233462522153334,0.970649529991665,0.9419470536508967,0.6497835914808926,,high,accepted,inf,all confidence gates passed
CINE_SAX_059,275,11,25,2.092330693442168,0.974034761077982,0.9261419803766429,0.781880809090439,,high,accepted,inf,all confidence gates passed
CINE_SAX_060,250,10,25,2.086011494794292,0.9709582776287123,0.9300775715232437,0.7859826319863767,,high,accepted,inf,all confidence gates passed
CINE_SAX_061,300,12,25,2.0417971510067874,0.9719993404818096,0.9289129950236412,0.8311145249804729,,high,accepted,0.06890861276839821,all confidence gates passed
CINE_SAX_062,275,11,25,2.0613450080955165,0.9753907064743141,0.9222016135559116,0.8116380184090235,,high,accepted,inf,all confidence gates passed
CINE_SAX_063,300,12,25,2.0658162144630214,0.9742972433742639,0.9370304065374951,0.8198086788230018,,high,accepted,0.10414337967265785,all confidence gates passed
CINE_SAX_064,250,10,25,2.079336497695248,0.973847649214748,0.9537152696401942,0.822074070374442,,high,accepted,inf,all confidence gates passed
CINE_SAX_065,275,11,25,2.1651750406648707,0.9825936371974938,0.9550701778852768,0.755082411615394,,high,accepted,inf,all confidence gates passed
CINE_SAX_066,275,11,25,2.0381831701150226,0.9606754461676483,0.9050177225908039,0.788185444811078,,high,accepted,inf,all confidence gates passed
CINE_SAX_067,250,10,25,2.164857321967685,0.9785438914012324,0.9164572891590741,0.7086877499938539,,high,accepted,inf,all confidence gates passed
CINE_SAX_068,250,10,25,2.020897527011976,0.9712771603606714,0.8497179610248192,0.7713747547341858,,high,accepted,inf,all confidence gates passed
CINE_SAX_069,250,10,25,2.057663342819807,0.9740799999345374,0.9296017851651293,0.8200984422143973,,high,accepted,inf,all confidence gates passed
CINE_SAX_070,250,10,25,2.0860434336437668,0.9711111968989604,0.9450599266455327,0.8012388867996868,,high,accepted,inf,all confidence gates passed
CINE_SAX_071,275,11,25,2.1443994609503516,0.9786957305603711,0.9383230039549406,0.7513150041253314,,high,accepted,inf,all confidence gates passed
CINE_SAX_072,250,10,25,2.037322216726673,0.9653684379228733,0.9047108700603923,0.7981255291794658,,high,accepted,inf,all confidence gates passed
CINE_SAX_073,250,10,25,2.052902939191114,0.971709452826325,0.950515186301278,0.8410311527628138,,high,accepted,inf,all confidence gates passed
CINE_SAX_074,275,11,25,2.051067806883121,0.9658043377238785,0.9354669201800576,0.8160077887446939,,high,accepted,inf,all confidence gates passed
CINE_SAX_075,250,10,25,2.0883342389149875,0.9716440489122398,0.9484292972286912,0.8033831561381831,,high,accepted,inf,all confidence gates passed
CINE_SAX_076,325,13,25,2.1440763388915665,0.9650106260636698,0.8539428513032661,0.639887764539039,,high,accepted,inf,all confidence gates passed
CINE_SAX_077,250,10,25,2.0596126278890887,0.9797545435571379,0.9482751053566624,0.8481715645818495,,high,accepted,inf,all confidence gates passed
CINE_SAX_078,250,10,25,2.1129296002508626,0.9716344212667051,0.9590925365445978,0.7894317788271453,,high,accepted,inf,all confidence gates passed
CINE_SAX_079,360,12,30,2.069771159453393,0.9726175066849806,0.9491307783730155,0.8245946322895839,,high,accepted,0.11552621848147471,all confidence gates passed
CINE_SAX_080,300,12,25,2.0698778982062875,0.9799083827789374,0.9488334159726355,0.8387722833242228,,high,accepted,0.10171376737268556,all confidence gates passed
CINE_SAX_081,300,12,25,2.0094535305673493,0.9768320597819705,0.8856912715227435,0.8299018605193352,,high,accepted,0.06711152502205087,all confidence gates passed
CINE_SAX_082,300,10,30,2.0224417458411774,0.9665629446435463,0.938674886440871,0.8493590298867861,,high,accepted,0.10124702654804141,all confidence gates passed
CINE_SAX_083,285,15,19,1.9688758602701901,0.9781760257350165,0.8479619803302475,0.8354381715300905,,high,accepted,inf,all confidence gates passed
CINE_SAX_084,250,10,25,2.151140141348562,0.9640062091900369,0.9531245357094598,0.7299968127409713,,high,accepted,inf,all confidence gates passed
CINE_SAX_085,275,11,25,2.133569904849939,0.9701871236076393,0.9441338023531078,0.7509381447184474,,high,accepted,inf,all confidence gates passed
CINE_SAX_086,275,11,25,2.0414560343224206,0.9651056588997324,0.9479272483796262,0.8366825318566704,,high,accepted,inf,all confidence gates passed
CINE_SAX_087,330,11,30,2.1622492672637232,0.9768446850420474,0.9396581163966219,0.731098219216993,,high,accepted,0.19419719548055014,all confidence gates passed
CINE_SAX_088,550,22,25,1.9775744208267598,0.9833064609084319,0.8803468580277779,0.8693853590178817,,high,accepted,inf,all confidence gates passed
CINE_SAX_089,300,10,30,2.055272735953187,0.9787010735675896,0.9323025758448391,0.8344319870268316,,high,accepted,0.09285997255699208,all confidence gates passed
CINE_SAX_090,275,11,25,2.053423828251846,0.9771663581492162,0.9266328609447411,0.827541748991327,,high,accepted,inf,all confidence gates passed
CINE_SAX_091,275,11,25,2.147146754244129,0.9764526292493553,0.9269438349329525,0.7327023391875339,,high,accepted,inf,all confidence gates passed
CINE_SAX_092,275,11,25,2.155422410674782,0.9721898299182943,0.9327082680783839,0.7216655172401907,,high,accepted,inf,all confidence gates passed
CINE_SAX_093,300,10,30,1.9942963357190049,0.9661295024085854,0.9390903477653729,0.8770530168635388,,medium,accepted,0.04673582030027257,all confidence gates passed
CINE_SAX_094,250,10,25,2.038003270386643,0.9487775747012566,0.913321010112109,0.772872889127979,,high,accepted,inf,all confidence gates passed
CINE_SAX_095,240,8,30,2.0629161631782766,0.9615234297574616,0.8105475100101696,0.6706782063468162,,high,accepted,0.10899611002603571,all confidence gates passed
CINE_SAX_096,330,11,30,2.1927463751651963,0.9747081862340923,0.960952015249864,0.717622012552852,,high,accepted,0.2328904836607757,all confidence gates passed
CINE_SAX_097,300,10,30,2.0512609515028,0.9748753124627624,0.9453691744583361,0.8438588478810604,,high,accepted,0.10607928238258246,all confidence gates passed
CINE_SAX_098,250,10,25,2.1525671340204267,0.969429083710059,0.9081284947950616,0.6944195281947528,,high,accepted,inf,all confidence gates passed
CINE_SAX_099,360,12,30,2.157482949706661,0.9743169019980222,0.9532972083176167,0.744448062607,,high,accepted,0.18825488671162272,all confidence gates passed
CINE_SAX_100,275,11,25,2.1256676301107063,0.9658356637745532,0.9367992584381873,0.7428029558765876,,high,accepted,inf,all confidence gates passed
CINE_SAX_101,275,11,25,2.1234992904872314,0.9667094309895093,0.9228186195771078,0.7327381910688947,,high,accepted,inf,all confidence gates passed
CINE_SAX_102,250,10,25,2.1908897992428287,0.9710665732062264,0.9484123875861806,0.6996557347558049,,high,accepted,inf,all confidence gates passed
CINE_SAX_103,300,12,25,2.129067036760498,0.9725422213254542,0.931276398095796,0.7472938039862067,,high,accepted,0.17549194901236742,all confidence gates passed
CINE_SAX_104,250,10,25,2.130426544463771,0.9667753971104216,0.9298467194045676,0.7329709691616401,,high,accepted,inf,all confidence gates passed
CINE_SAX_105,300,10,30,2.013892297075451,0.9616432726045787,0.8394237085653927,0.7488179566990992,,low,manual_review,0.01314632105461655,failed gates: top1_top2_gap
